Date,Contract
2020-01-01 09:00:00,BPH0
2020-02-12 09:00:00,BPK0
2020-04-08 09:00:00,BPM0
2020-05-14 09:00:00,BPN0
2020-06-11 09:00:00,BPQ0
2020-07-02 09:00:00,BPU0
2020-08-11 09:00:00,BPV0
2020-09-08 09:00:00,BPX0
2020-10-16 09:00:00,BPZ0
2020-11-13 09:00:00,BPF1
2020-12-01 09:00:00,BPG1
2021-01-18 09:00:00,BPH1
2021-02-19 09:00:00,BPJ1
2021-03-08 09:00:00,BPK1
2021-04-13 09:00:00,BPM1
2021-05-13 09:00:00,BPN1
2021-06-16 09:00:00,BPQ1
2021-07-13 09:00:00,BPU1
2021-08-16 09:00:00,BPV1