Date,Contract1,Contract2
2020-01-02 09:00:00,SCPH0,SCPJ0
2020-02-06 09:00:00,SCPJ0,SCPK0
2020-03-10 09:00:00,SCPK0,SCPM0
2020-04-07 09:00:00,SCPM0,SCPN0
2020-05-13 09:00:00,SCPN0,SCPQ0
2020-06-16 09:00:00,SCPQ0,SCPU0
2020-07-20 09:00:00,SCPU0,SCPV0
2020-08-19 09:00:00,SCPV0,SCPX0
2020-09-11 09:00:00,SCPX0,SCPZ0
2020-10-14 09:00:00,SCPZ0,SCPF1
2020-11-13 09:00:00,SCPF1,SCPG1
2020-12-10 09:00:00,SCPG1,SCPH1
2021-01-14 09:00:00,SCPH1,SCPJ1
2021-02-05 09:00:00,SCPJ1,SCPK1
2021-03-12 09:00:00,SCPK1,SCPM1
2021-04-16 09:00:00,SCPM1,SCPN1